Title,Price,Date
funny data analyst definition data scientist T-Shirt,$19.99 ,2022-06-17
funny data analyst definition data scientist T-Shirt,$19.99 ,2022-06-17
funny data analyst definition data scientist T-Shirt,$19.99 ,2022-06-17
funny data analyst definition data scientist T-Shirt,$19.99 ,2022-06-17
funny data analyst definition data scientist T-Shirt,$19.99 ,2022-06-17
funny data analyst definition data scientist T-Shirt,$19.99 ,2022-06-17
funny data analyst definition data scientist T-Shirt,$19.99 ,2022-06-17
funny data analyst definition data scientist T-Shirt,$19.99 ,2022-06-17
funny data analyst definition data scientist T-Shirt,$19.99 ,2022-06-17
funny data analyst definition data scientist T-Shirt,$19.99 ,2022-06-17
